empId,loginId,name,salary
e0001,hpotter,Harry Potter,1234.00
e0002,rwesley,Ron Weasley,19234.50
#e0003,ssnape,Severus Snape,4000.0
e0004,rhagrid,Rubeus Hagrid,3999.999
e0005,voldemort,Lord Voldemort,523.4
51,yPnokASmHI,Dyann,2884.09
22,ekfChzXgJz,Carmela,8045.79
68,MFZMdOjVVT,Marsiella,7634.53
39,kfFuDVywIX,Merle,8435.97
93,XmqppIcOkB,Nadine,497.26
33,JbdoqylsBW,Tonia,9195.06
87,"dHJZusXEh ",Marita,2043.06
7,oLQRIemaOW,Kate,7643.07
84,gXQSKZdODw,Genevra,245.98
24,DJaddcYYIG,Henriette,7749.72
26,doTFmhOcbC,Dominga,4512.34
77,IgMzea iUq,Ariela,5327.13
40,cwUbJfj cD,Margalo,862.19
59,pJrhyaxzNN,Addia,5505.76
31,TWtysuLoya,Belinda,6408.75
13,vWybePqnRr,Jinny,961.03
26,JEmSpPglcS,Morganica,298.68
38,whMpXvJYRp,Claresta,3256.37
36,pnvg KheGg,Sashenka,751.77
47,bqTMLawzMc,Dede,7593.72
60,ZnaDWQDKha,Leia,9251.37
62,heAE TmKYK,Lucille,9354.95
69,qVkzzrgXEx,Dione,9587.45
17,NMVgNYcywI,Vinita,608.44
91,VFiTWtwCTQ,Margette,2701.14
32,WUdBebBrdi,Kalina,8537.73
93,bwsLYBoXto,Carmencita,7576.88
42,gsTQhGJMIv,Donnie,2120.01
6,fvQfTXimcV,Raf,967.69
71,PJzYzEIBtt,Belinda,8922.41
23,LmkXfHgTYM,Elyssa,87.93
76,EfKsgfjCFy,Pamella,4718.58
38,hGijXgQScu,Ginnie,5802.82
52,wgC uPYAcp,Madeleine,2458.23
46,GJxUY aYpy,Mireielle,8127.72
34,HRRJlCKxJX,Ermengarde,5329.26
3,NUZcQjLnVv,Cecile,6095.53
97,zfjYvcOYbZ,Elbertina,7032.88
49,qIlqdBWMRm,Lenna,9482.72
26,BepOLVJHDp,Corina,9786.05
91,ovaPacT YS,Ardeen,1147.91
89,NPglJbukiz,Phedra,5268.13
27,CcO udBHVf,Marti,8112.03